Model,Accuracy,Precision,Recall,F1-score,ROC-AUC
"Binary KNN (30,000-row stratified training sample)",0.743411511726759,0.6903110758866653,0.7765518778557896,0.7308963130015209,0.8282166083802124
