Model,Accuracy,Precision,Recall,F1-score,ROC-AUC
Binary Linear SVM,0.6961044156623494,0.6530008453085376,0.688732865262454,0.6703910614525139,0.7769029350590071
