Model,Accuracy,Precision,Recall,F1-score,ROC-AUC
Binary Random Forest,0.91553733059959,0.8983810982279589,0.9153014599353616,0.9067623516422854,0.9646356471850644
