Model,Accuracy,Precision,Recall,F1-score,ROC-AUC
Binary XGBoost,0.927689153373006,0.9280109177755033,0.9093948512203277,0.9186085781830463,0.968655654513937
