Model,Accuracy,Precision,Recall,F1-score,ROC-AUC
Binary Decision Tree,0.9272390858628794,0.92018779342723,0.9174189234369776,0.9188012723924326,0.9616772578257269
