Model,Accuracy,Precision,Recall,F1-score,ROC-AUC
Binary Logistic Regression,0.6971045656848527,0.6543837357052097,0.688732865262454,0.6711190747678775,0.7775467690767836
